arm,model,n,mean,std,count
structure,alignn,150,1.7314882278442383,0.075627153963425,3
structure,alignn,200,1.6821653842926025,0.3085624454616088,3
